dataset,algorithm,accuracy,f1_macro,auc_roc
adult,SAMME,0.8573037158358071,0.7853126524474068,0.9124200126190896
adult,SAMME.R,0.8686661889650936,0.8051342057218709,0.9204308091815677
