dataset,algorithm,accuracy,f1_macro,auc_roc
covertype,SAMME,0.593,0.34575689469099835,0.8302023468097801
covertype,SAMME.R,0.67,0.2945626094959307,0.7870439827206274
