dataset,model,accuracy,f1_macro,auc_roc
adult,AdaBoost,0.8573037158358071,0.7853126524474068,0.9124200126190896
adult,Gradient Boosting,0.7966014945234927,0.5731663201781605,0.8808995711788834
